City_ID,City,Country,Date,Lat,Lng,Max Temp,Humidity,Cloudiness,Wind Speed
0,Cairns,AU,2022-03-31 14:23:31,-16.9167,145.7667,71.55,82,18,0.0
1,Pompton Lakes,US,2022-03-31 14:23:32,41.0054,-74.2907,58.28,92,100,1.99
2,Mataura,NZ,2022-03-31 14:23:32,-46.1927,168.8643,46.63,93,100,2.89
3,Borgarnes,IS,2022-03-31 14:23:32,64.5383,-21.9206,42.66,62,96,1.41
4,Rikitea,PF,2022-03-31 14:23:32,-23.1203,-134.9692,77.7,74,82,16.62
5,Pangai,TO,2022-03-31 14:23:33,-19.8,-174.35,81.52,78,100,12.03
6,Busselton,AU,2022-03-31 14:23:33,-33.65,115.3333,72.64,66,0,10.11
7,Bathsheba,BB,2022-03-31 14:23:34,13.2167,-59.5167,75.81,83,75,10.36
8,Darab,IR,2022-03-31 14:23:34,28.7519,54.5444,82.0,11,23,5.99
9,Provideniya,RU,2022-03-31 14:23:34,64.3833,-173.3,20.43,88,100,19.15
10,Barrow,US,2022-03-31 14:20:55,71.2906,-156.7887,-16.58,76,0,16.11
11,New Norfolk,AU,2022-03-31 14:18:59,-42.7826,147.0587,54.9,66,39,2.86
12,Berlevag,NO,2022-03-31 14:23:40,70.8578,29.0864,26.55,63,75,18.41
13,Bredasdorp,ZA,2022-03-31 14:20:49,-34.5322,20.0403,68.7,51,92,12.57
14,Arraial Do Cabo,BR,2022-03-31 14:23:40,-22.9661,-42.0278,85.96,74,0,12.66
15,Chuka,KE,2022-03-31 14:23:40,-0.3332,37.6459,73.22,65,95,9.28
16,Bluff,NZ,2022-03-31 14:23:41,-46.6,168.3333,50.41,64,100,13.42
17,Upernavik,GL,2022-03-31 14:20:14,72.7868,-56.1549,21.06,90,100,12.59
18,Dikson,RU,2022-03-31 14:23:41,73.5069,80.5464,19.78,86,85,14.18
19,Tazmalt,DZ,2022-03-31 14:23:41,36.3868,4.3989,57.97,65,75,15.68
20,Port Alfred,ZA,2022-03-31 14:23:42,-33.5906,26.891,64.18,90,100,1.01
21,Buchanan,LR,2022-03-31 14:23:42,5.8808,-10.0467,85.39,68,66,8.68
22,Butaritari,KI,2022-03-31 14:23:42,3.0707,172.7902,79.83,81,57,11.9
23,Hithadhoo,MV,2022-03-31 14:23:43,-0.6,73.0833,83.46,69,7,5.41
24,Punta Arenas,CL,2022-03-31 14:23:48,-53.15,-70.9167,51.91,54,20,11.5
25,Juneau,US,2022-03-31 14:20:34,58.3019,-134.4197,38.21,95,75,0.0
26,Padang,ID,2022-03-31 14:23:48,-0.9492,100.3543,77.99,84,8,3.27
27,Kavaratti,IN,2022-03-31 14:23:49,10.5669,72.642,83.66,74,5,6.58
28,Hilo,US,2022-03-31 14:22:08,19.7297,-155.09,71.33,88,100,6.91
29,Lebu,CL,2022-03-31 14:23:50,-37.6167,-73.65,54.75,60,3,18.9
30,Deputatskiy,RU,2022-03-31 14:23:50,69.3,139.9,-19.5,97,32,4.83
31,Mar Del Plata,AR,2022-03-31 14:19:12,-38.0023,-57.5575,59.02,81,40,9.22
32,Castro,BR,2022-03-31 14:23:51,-24.7911,-50.0119,64.71,95,98,5.66
33,Husavik,IS,2022-03-31 14:23:52,66.0449,-17.3389,33.78,96,100,1.95
34,Maiduguri,NG,2022-03-31 14:23:52,11.8464,13.1603,104.49,3,36,9.73
35,Ballina,AU,2022-03-31 14:23:53,-28.8667,153.5667,68.18,85,99,20.74
36,Kayan,MM,2022-03-31 14:23:53,16.9056,96.5631,86.14,61,24,10.74
37,Aklavik,CA,2022-03-31 14:23:53,68.2191,-135.0107,-25.6,75,20,4.61
38,East London,ZA,2022-03-31 14:20:16,-33.0153,27.9116,67.14,100,75,11.5
39,Tasiilaq,GL,2022-03-31 14:23:53,65.6145,-37.6368,41.16,99,100,6.89
40,Kruisfontein,ZA,2022-03-31 14:23:55,-34.0033,24.7314,66.88,71,100,9.84
41,Nabire,ID,2022-03-31 14:23:56,-3.3667,135.4833,77.32,83,100,5.7
42,Hobart,AU,2022-03-31 14:23:24,-42.8794,147.3294,55.26,73,100,9.22
43,Menongue,AO,2022-03-31 14:23:57,-14.6585,17.691,76.89,64,71,6.67
44,Christchurch,NZ,2022-03-31 14:20:03,-43.5333,172.6333,61.95,88,100,13.8
45,Airai,TL,2022-03-31 14:23:59,-8.9266,125.4092,58.68,90,16,1.86
46,Turkistan,KZ,2022-03-31 14:24:00,43.0,68.0,61.88,25,36,5.06
47,Rajsamand,IN,2022-03-31 14:24:00,25.0667,73.8833,90.91,11,0,9.53
48,Aljezur,PT,2022-03-31 14:24:00,37.3191,-8.8033,60.28,65,71,18.72
49,Sokoto,NG,2022-03-31 14:25:01,13.0609,5.239,102.96,4,87,2.04
50,Maceio,BR,2022-03-31 14:25:01,-9.6658,-35.7353,76.44,88,75,11.5
51,Izmir,TR,2022-03-31 14:25:02,38.4622,27.0923,68.65,36,0,17.27
52,Chokurdakh,RU,2022-03-31 14:25:03,70.6333,147.9167,-28.82,100,84,1.34
53,Damietta,EG,2022-03-31 14:25:03,31.4165,31.8133,66.09,59,100,12.64
54,Bonavista,CA,2022-03-31 14:25:03,48.6499,-53.1147,33.4,81,89,13.94
55,Ushuaia,AR,2022-03-31 14:23:54,-54.8,-68.3,49.66,57,20,9.22
56,Ornskoldsvik,SE,2022-03-31 14:23:25,63.2909,18.7153,31.15,69,75,5.75
57,Ancud,CL,2022-03-31 14:17:43,-41.8697,-73.8203,54.23,64,100,2.57
58,Iqaluit,CA,2022-03-31 14:25:06,63.7506,-68.5145,26.33,93,100,5.75
59,Dunedin,NZ,2022-03-31 14:25:06,-45.8742,170.5036,53.8,85,100,13.0
60,Bahia Honda,CU,2022-03-31 14:25:07,22.9036,-83.1592,81.46,69,13,15.79
61,Albany,US,2022-03-31 14:22:41,42.6001,-73.9662,53.42,78,75,1.99
62,Talnakh,RU,2022-03-31 14:25:07,69.4865,88.3972,16.21,95,54,6.93
63,Nikolskoye,RU,2022-03-31 14:25:08,59.7035,30.7861,36.88,63,93,5.95
64,Longyearbyen,SJ,2022-03-31 14:25:08,78.2186,15.6401,10.24,79,75,5.75
65,Suwannaphum,TH,2022-03-31 14:25:08,15.6035,103.8021,85.86,54,100,17.83
66,Kichera,RU,2022-03-31 14:25:09,55.9375,110.0997,15.24,88,98,1.79
67,Dedza,MW,2022-03-31 14:25:09,-14.3779,34.3332,65.44,87,60,2.91
68,Srednekolymsk,RU,2022-03-31 14:25:10,67.45,153.6833,-17.36,100,91,1.43
69,Beringovskiy,RU,2022-03-31 14:25:10,63.05,179.3167,2.61,94,100,18.88
70,Esso,RU,2022-03-31 14:25:10,55.9333,158.7,11.89,97,99,3.51
71,Vaini,TO,2022-03-31 14:25:11,-21.2,-175.2,79.38,83,100,11.97
72,Cape Town,ZA,2022-03-31 14:24:33,-33.9258,18.4232,73.11,58,0,23.02
73,Cabo San Lucas,MX,2022-03-31 14:25:11,22.8909,-109.9124,67.51,69,100,5.12
74,Cap Malheureux,MU,2022-03-31 14:21:56,-19.9842,57.6142,78.48,79,96,10.0
75,Tuktoyaktuk,CA,2022-03-31 14:25:12,69.4541,-133.0374,-23.8,76,75,11.5
76,Kasongo-Lunda,CD,2022-03-31 14:25:12,-6.4667,16.8167,89.6,52,71,2.37
77,Kavieng,PG,2022-03-31 14:20:35,-2.5744,150.7967,82.02,78,100,11.97
78,Poum,NC,2022-03-31 14:18:56,-20.2333,164.0167,80.96,78,10,5.91
79,Yangambi,CD,2022-03-31 14:25:14,0.8102,24.4336,94.03,35,82,2.48
80,Kapaa,US,2022-03-31 14:25:15,22.0752,-159.319,73.72,94,40,14.97
81,Saskylakh,RU,2022-03-31 14:25:16,71.9167,114.0833,5.74,97,99,5.12
82,Puerto Ayora,EC,2022-03-31 14:25:17,-0.7393,-90.3518,80.56,99,100,3.0
83,Yulara,AU,2022-03-31 14:25:17,-25.2406,130.9889,73.24,28,99,11.5
84,Lodwar,KE,2022-03-31 14:25:17,3.1191,35.5973,94.21,30,67,20.69
85,Atuona,PF,2022-03-31 14:25:17,-9.8,-139.0333,78.28,73,13,9.91
86,Yellowknife,CA,2022-03-31 14:25:18,62.456,-114.3525,12.42,74,75,5.75
87,Aykhal,RU,2022-03-31 14:25:18,66.0,111.5,23.11,97,100,7.58
88,Udachnyy,RU,2022-03-31 14:24:16,66.4167,112.4,25.45,49,100,6.4
89,Yomou,GN,2022-03-31 14:25:20,7.5603,-9.2653,97.27,33,10,3.65
90,Norman Wells,CA,2022-03-31 14:25:20,65.282,-126.8329,-16.56,63,20,16.11
91,Santa Fe,AR,2022-03-31 14:25:21,-31.6333,-60.7,63.0,40,49,1.99
92,Bethel,US,2022-03-31 14:25:22,41.3712,-73.414,52.16,92,100,3.44
93,Bassar,TG,2022-03-31 14:26:22,9.25,0.7833,105.46,17,100,4.18
94,Esperance,AU,2022-03-31 14:26:26,-33.8667,121.9,64.24,81,100,20.4
95,Clyde River,CA,2022-03-31 14:26:26,70.4692,-68.5914,1.63,78,40,8.05
96,Egvekinot,RU,2022-03-31 14:26:27,66.3167,-179.1667,2.89,90,97,14.36
97,Svetlyy,RU,2022-03-31 14:26:27,54.675,20.1347,37.96,32,69,12.41
98,Biltine,TD,2022-03-31 14:26:27,14.5333,20.9167,101.43,4,5,1.16
99,Port Elizabeth,ZA,2022-03-31 14:27:22,-33.918,25.5701,69.1,83,100,15.01
100,Georgetown,MY,2022-03-31 14:29:28,5.4112,100.3354,80.53,94,20,3.44
101,Andujar,ES,2022-03-31 14:29:29,38.0392,-4.0508,63.09,53,75,13.71
102,Hermanus,ZA,2022-03-31 14:29:29,-34.4187,19.2345,69.8,62,38,11.05
103,Lukovetskiy,RU,2022-03-31 14:29:29,64.2956,41.9211,26.38,86,99,5.5
104,Avarua,CK,2022-03-31 14:29:30,-21.2078,-159.775,73.45,100,0,1.14
105,North Vernon,US,2022-03-31 14:29:30,39.0062,-85.6236,44.96,84,100,14.0
106,Alofi,NU,2022-03-31 14:22:11,-19.0595,-169.9187,71.49,94,83,0.0
107,Bandarbeyla,SO,2022-03-31 14:29:32,9.4942,50.8122,82.2,74,4,11.39
108,Yanam,IN,2022-03-31 14:29:32,16.7333,82.2167,82.24,77,6,8.7
109,Macae,BR,2022-03-31 14:29:32,-22.3708,-41.7869,87.55,62,20,10.36
110,Presidencia Roque Saenz Pena,AR,2022-03-31 14:29:34,-26.7852,-60.4388,62.19,34,4,8.16
111,Saint George,US,2022-03-31 14:28:09,37.1041,-113.5841,53.8,54,20,3.44
112,Pevek,RU,2022-03-31 14:29:35,69.7008,170.3133,-21.62,99,98,5.21
113,Klaksvik,FO,2022-03-31 14:29:35,62.2266,-6.589,40.12,63,100,6.96
114,Port Macquarie,AU,2022-03-31 14:29:35,-31.4333,152.9167,62.89,78,67,18.68
115,Olafsvik,IS,2022-03-31 14:29:35,64.8945,-23.7142,39.13,79,99,7.0
116,Grindavik,IS,2022-03-31 14:29:36,63.8424,-22.4338,43.27,65,75,6.91
117,Khokhlovo,RU,2022-03-31 14:29:36,59.1492,37.3998,33.82,70,68,5.86
118,Dori,BF,2022-03-31 14:29:36,14.0354,-0.0345,103.03,3,5,1.5
119,Vardo,NO,2022-03-31 14:21:47,70.3705,31.1107,27.7,65,100,16.64
120,Qaanaaq,GL,2022-03-31 14:29:37,77.484,-69.3632,19.02,69,49,7.81
121,Ilulissat,GL,2022-03-31 14:24:42,69.2167,-51.1,17.62,93,100,3.44
122,Jamestown,US,2022-03-31 14:29:37,42.097,-79.2353,63.01,61,100,19.57
123,Oranjemund,NA,2022-03-31 14:29:37,-28.55,16.4333,65.03,71,2,20.09
124,Hit,IQ,2022-03-31 14:29:38,33.6416,42.8251,83.52,10,0,8.37
125,Tuatapere,NZ,2022-03-31 14:29:38,-46.1333,167.6833,49.08,87,100,3.74
126,Verkhnyaya Inta,RU,2022-03-31 14:29:38,65.9811,60.3094,19.65,83,100,11.95
127,Concepcion,CL,2022-03-31 14:29:22,-36.827,-73.0498,55.2,62,0,8.05
128,Sao Filipe,CV,2022-03-31 14:29:39,14.8961,-24.4956,72.28,75,6,12.95
129,Turbat,PK,2022-03-31 14:29:39,26.0023,63.044,93.02,3,0,22.41
130,Codrington,AU,2022-03-31 14:29:39,-38.2667,141.9667,59.09,59,100,16.8
131,Carnarvon,AU,2022-03-31 14:29:40,-24.8667,113.6333,71.67,94,100,13.8
132,Loma Bonita,PA,2022-03-31 14:29:40,8.3833,-80.1667,85.55,62,20,4.61
133,Gizo,SB,2022-03-31 14:29:40,-8.103,156.8419,83.5,74,92,6.71
134,Khatanga,RU,2022-03-31 14:29:40,71.9667,102.5,7.38,94,34,7.7
135,Fort Morgan,US,2022-03-31 14:29:41,40.2503,-103.8,29.05,80,0,9.22
136,Chino Valley,US,2022-03-31 14:29:41,34.7575,-112.4538,52.83,61,0,1.99
137,Kirovskiy,RU,2022-03-31 14:30:41,45.0917,133.5136,28.63,72,97,7.63
138,Ahipara,NZ,2022-03-31 14:29:26,-35.1667,173.1667,62.64,91,52,2.95
139,Touros,BR,2022-03-31 14:30:42,-5.1989,-35.4608,81.41,77,99,11.7
140,Hofn,IS,2022-03-31 14:30:43,64.2539,-15.2082,39.22,56,20,2.3
141,Fortuna,US,2022-03-31 14:29:27,40.5982,-124.1573,41.92,95,0,6.91
142,Makakilo City,US,2022-03-31 14:30:45,21.3469,-158.0858,72.68,87,20,4.61
143,Bhadasar,IN,2022-03-31 14:30:45,28.2833,74.3167,87.87,5,0,8.61
144,Wenatchee,US,2022-03-31 14:30:45,47.4235,-120.3103,41.97,60,0,4.61
145,Anchorage,US,2022-03-31 14:28:46,61.2181,-149.9003,38.28,74,100,10.36
146,Chuy,UY,2022-03-31 14:30:48,-33.6971,-53.4616,65.08,41,24,9.98
147,North Platte,US,2022-03-31 14:30:48,41.1239,-100.7654,24.69,80,0,6.91
148,Teplyk,UA,2022-03-31 14:30:48,48.6657,29.745,65.68,38,100,6.44
149,Xining,CN,2022-03-31 14:30:49,36.6167,101.7667,38.16,61,100,10.27
150,Puerto Carreno,CO,2022-03-31 14:30:49,6.189,-67.4859,85.98,51,19,11.5
151,Nyaunglebin,MM,2022-03-31 14:30:50,17.95,96.7333,80.67,47,4,5.32
152,Port Blair,IN,2022-03-31 14:30:51,11.6667,92.75,82.36,72,23,6.38
153,Nchelenge,ZM,2022-03-31 14:30:52,-9.3451,28.734,73.27,79,92,7.58
154,Sur,OM,2022-03-31 14:30:52,22.5667,59.5289,80.1,51,0,2.53
155,General Roca,AR,2022-03-31 14:30:52,-39.0333,-67.5833,61.63,16,1,12.71
156,Kahului,US,2022-03-31 14:30:52,20.8947,-156.47,74.84,78,0,8.01
157,Lompoc,US,2022-03-31 14:30:53,34.6391,-120.4579,53.13,79,100,15.99
158,Trebinje,BA,2022-03-31 14:30:53,42.7119,18.3442,56.75,100,100,21.85
159,Khorramshahr,IR,2022-03-31 14:30:53,30.4397,48.1664,91.36,9,0,9.22
160,Ribeira Grande,PT,2022-03-31 14:30:53,38.5167,-28.7,64.8,88,75,4.61
161,Mbini,GQ,2022-03-31 14:30:54,1.574,9.6134,84.16,73,100,7.96
162,Lavrentiya,RU,2022-03-31 14:30:44,65.5833,-171.0,14.09,87,100,11.7
163,Spas,UA,2022-03-31 14:30:54,48.8899,24.0629,48.31,92,100,1.9
164,Isangel,VU,2022-03-31 14:30:55,-19.55,169.2667,80.67,86,88,6.13
165,Atar,MR,2022-03-31 14:31:29,20.5169,-13.0499,91.62,12,63,10.47
166,Port Hardy,CA,2022-03-31 14:30:17,50.6996,-127.4199,41.0,93,75,0.0
167,Salta,AR,2022-03-31 14:29:13,-24.7859,-65.4117,55.58,72,75,5.75
168,Faanui,PF,2022-03-31 14:31:29,-16.4833,-151.75,81.91,69,20,17.63
169,Shimoda,JP,2022-03-31 14:31:29,34.6667,138.95,53.1,92,100,14.07
170,Spasskoye,RU,2022-03-31 14:31:30,44.6108,132.7969,29.32,68,100,8.9
171,Chimore,BO,2022-03-31 14:31:30,-16.9833,-65.1333,55.83,94,100,1.79
172,Xingyi,CN,2022-03-31 14:31:31,24.1877,102.817,53.24,90,98,5.61
173,Ponta Delgada,PT,2022-03-31 14:31:32,37.7333,-25.6667,63.32,88,75,5.75
174,Kushima,JP,2022-03-31 14:31:32,31.4583,131.2333,56.3,92,100,3.4
175,Mahebourg,MU,2022-03-31 14:31:32,-20.4081,57.7,79.09,69,75,18.41
176,Dandong,CN,2022-03-31 14:31:33,40.1292,124.3947,39.11,45,0,8.14
177,Darhan,MN,2022-03-31 14:31:34,49.4867,105.9228,35.24,36,100,4.85
178,Humberto De Campos,BR,2022-03-31 14:31:34,-2.5983,-43.4611,79.36,85,99,2.91
179,Tacna,PE,2022-03-31 14:31:34,-18.0056,-70.2483,62.8,63,0,3.44
180,Stara Vyzhivka,UA,2022-03-31 14:31:35,51.4376,24.44,37.71,93,100,13.49
181,Ponta Do Sol,PT,2022-03-31 14:31:35,32.6667,-17.1,68.13,73,33,0.78
182,Pisco,PE,2022-03-31 14:31:35,-13.7,-76.2167,69.85,68,67,8.05
183,San Nicolas,PH,2022-03-31 14:31:36,18.1725,120.5953,80.92,75,29,7.61
184,Diapaga,BF,2022-03-31 14:32:36,12.0708,1.7889,105.01,8,70,3.96
185,Balauseri,RO,2022-03-31 14:32:54,46.4,24.6833,62.85,45,100,11.3
186,Cayenne,GF,2022-03-31 14:32:55,4.9333,-52.3333,84.09,20,75,9.22
187,Nuuk,GL,2022-03-31 14:32:55,64.1835,-51.7216,32.61,93,40,8.05
188,Lundazi,ZM,2022-03-31 14:32:55,-12.2929,33.1782,69.26,80,51,6.8
189,Barmer,IN,2022-03-31 14:32:56,25.75,71.3833,85.55,5,0,2.21
190,Evensk,RU,2022-03-31 14:32:56,61.95,159.2333,12.52,77,100,9.22
191,Adrar,MR,2022-03-31 14:32:56,20.5022,-10.0711,85.98,13,100,11.27
192,Grand Gaube,MU,2022-03-31 14:32:57,-20.0064,57.6608,79.2,82,98,8.99
193,Souillac,MU,2022-03-31 14:32:59,-20.5167,57.5167,79.18,69,75,18.41
194,Namibe,AO,2022-03-31 14:33:00,-15.1961,12.1522,77.63,65,20,16.11
195,Margate,GB,2022-03-31 14:33:01,51.3813,1.3862,41.88,66,100,15.01
196,Tiksi,RU,2022-03-31 14:33:01,71.6872,128.8694,-0.92,98,100,5.53
197,Maraa,BR,2022-03-31 14:33:04,-1.8333,-65.3667,83.64,70,95,3.53
198,Meulaboh,ID,2022-03-31 14:33:04,4.1363,96.1285,79.12,80,97,2.82
199,Satipo,PE,2022-03-31 14:33:04,-11.2522,-74.6386,77.31,80,99,1.59
200,Pavlodar,KZ,2022-03-31 14:33:04,52.3,76.95,35.4,80,0,6.71
201,Broome,US,2022-03-31 14:33:05,42.2506,-75.833,59.54,76,100,14.97
202,Novobirilyussy,RU,2022-03-31 14:33:05,56.9514,90.6661,35.51,95,100,13.24
203,Akyab,MM,2022-03-31 14:33:06,20.15,92.9,80.19,85,45,6.31
204,Roma,US,2022-03-31 14:31:43,43.2128,-75.4557,57.81,89,100,12.82
205,Hermiston,US,2022-03-31 14:31:54,45.8404,-119.2895,44.82,76,0,10.36
206,Kirakira,SB,2022-03-31 14:33:07,-10.4544,161.9205,79.72,85,100,4.0
207,Xai-Xai,MZ,2022-03-31 14:33:07,-25.0519,33.6442,79.72,70,4,12.57
208,Birnin Kebbi,NG,2022-03-31 14:33:07,12.4539,4.1975,104.63,5,44,1.83
209,Brownsville,US,2022-03-31 14:28:30,25.9018,-97.4975,69.91,81,0,3.44
210,Vestmanna,FO,2022-03-31 14:33:09,62.1564,-7.1664,38.32,60,100,6.91
211,Bambanglipuro,ID,2022-03-31 14:33:09,-7.95,110.2833,78.8,85,100,3.42
212,Caninde,BR,2022-03-31 14:33:09,-4.3589,-39.3117,79.99,70,99,2.06
213,Victoria,HK,2022-03-31 14:30:25,22.2855,114.1577,77.18,80,18,17.0
214,Requena,ES,2022-03-31 14:28:15,39.4883,-1.1004,58.51,33,99,19.86
215,Thompson,CA,2022-03-31 14:33:11,55.7435,-97.8558,24.96,63,75,3.44
216,Kismayo,SO,2022-03-31 14:32:03,-0.3582,42.5454,82.83,73,25,10.85
217,Mishan,CN,2022-03-31 14:33:12,45.55,131.8833,29.52,54,29,12.84
218,Torbay,CA,2022-03-31 14:33:12,47.6666,-52.7314,40.57,78,75,19.57
219,Ostrovnoy,RU,2022-03-31 14:29:18,68.0531,39.5131,25.38,83,100,16.02
220,Sandwick,GB,2022-03-31 14:33:23,60.0,-1.25,40.82,70,40,6.91
221,Springdale,US,2022-03-31 14:33:33,36.1867,-94.1288,39.81,79,0,8.05
222,Dungarpur,IN,2022-03-31 14:33:34,23.8333,73.7167,91.74,13,0,8.1
223,Srikakulam,IN,2022-03-31 14:33:34,18.3,83.9,81.28,83,6,12.41
224,Ligayan,PH,2022-03-31 14:33:34,4.6533,119.4706,83.21,75,3,7.2
225,Praia Da Vitoria,PT,2022-03-31 14:33:35,38.7333,-27.0667,66.45,72,75,5.19
226,Tsabong,BW,2022-03-31 14:33:35,-26.0217,22.401,88.5,26,62,5.7
227,Zhigansk,RU,2022-03-31 14:33:35,66.7697,123.3711,9.12,93,100,14.2
228,Mundwa,IN,2022-03-31 14:34:17,27.0667,73.8167,88.0,4,0,10.85
229,Ler,SS,2022-03-31 14:34:35,8.3018,30.1418,103.69,10,41,3.33
230,Amapa,BR,2022-03-31 14:34:27,1.0,-52.0,81.39,74,98,2.57
231,San Lorenzo,PY,2022-03-31 14:34:36,-25.3333,-57.5333,63.59,51,0,16.11
232,Vestmannaeyjar,IS,2022-03-31 14:34:36,63.4427,-20.2734,41.99,56,0,9.22
233,Rupert,US,2022-03-31 14:34:36,42.6191,-113.6772,35.19,55,0,19.57
234,Arlit,NE,2022-03-31 14:34:36,18.7369,7.3853,99.64,2,5,0.63
235,Cherskiy,RU,2022-03-31 14:34:37,68.75,161.3,-9.85,100,100,5.28
236,Matara,LK,2022-03-31 14:34:37,5.9485,80.5353,78.89,86,10,1.66
237,Prieska,ZA,2022-03-31 14:34:37,-29.6641,22.7474,86.16,29,62,17.92
238,Kayes,ML,2022-03-31 14:34:37,14.0,-11.0,105.91,8,87,5.01
239,Fairbanks,US,2022-03-31 14:30:03,64.8378,-147.7164,14.34,58,0,11.5
240,Glenwood Springs,US,2022-03-31 14:32:53,39.5505,-107.3248,35.35,75,0,4.61
241,Ipixuna,BR,2022-03-31 14:34:38,-1.7625,-48.8043,77.92,85,100,3.78
242,Rawah,IQ,2022-03-31 14:34:38,34.4816,41.9093,79.23,15,3,7.43
243,Uige,AO,2022-03-31 14:34:38,-7.6087,15.0613,82.18,67,93,2.59
244,Jilib,SO,2022-03-31 14:34:39,0.4883,42.7854,85.17,61,37,10.65
245,Pierre,US,2022-03-31 14:29:56,44.3683,-100.351,30.06,84,0,5.99
246,Sandviken,SE,2022-03-31 14:34:39,60.6167,16.7667,35.69,73,100,7.7
247,West Odessa,US,2022-03-31 14:34:40,31.8424,-102.4988,47.41,80,0,6.91
248,San Patricio,US,2022-03-31 14:34:34,28.017,-97.5169,66.29,43,2,9.06
249,Pangnirtung,CA,2022-03-31 14:34:40,66.1451,-65.7125,19.4,86,100,0.0
250,Semirom,IR,2022-03-31 14:34:40,31.4167,51.5667,54.77,33,3,8.43
251,Lircay,PE,2022-03-31 14:34:41,-12.9896,-74.7205,53.17,76,96,4.41
252,Potenza,IT,2022-03-31 14:34:41,40.6443,15.8086,54.91,81,99,3.0
253,Okhotsk,RU,2022-03-31 14:34:46,59.3833,143.3,10.47,87,97,7.63
254,Nisia Floresta,BR,2022-03-31 14:34:46,-6.0911,-35.2086,88.61,49,94,9.8
255,Akdagmadeni,TR,2022-03-31 14:34:47,39.6603,35.8836,53.8,49,41,7.83
256,Baykit,RU,2022-03-31 14:32:17,61.67,96.37,33.51,93,100,13.58
257,Kodiak,US,2022-03-31 14:34:48,57.79,-152.4072,40.51,93,100,16.11
258,The Pas,CA,2022-03-31 14:34:48,53.8251,-101.2541,14.02,85,0,11.5
259,Teofilo Otoni,BR,2022-03-31 14:34:50,-17.8575,-41.5053,87.93,47,0,3.31
260,Ahuimanu,US,2022-03-31 14:34:50,21.4447,-157.8378,73.85,87,0,3.44
261,Mega,ET,2022-03-31 14:34:51,4.05,38.3,71.78,46,46,22.84
262,Nanortalik,GL,2022-03-31 14:34:52,60.1432,-45.2371,37.71,78,100,4.59
263,Pyapon,MM,2022-03-31 14:34:52,16.2833,95.6833,82.74,61,16,12.03
264,Boguchany,RU,2022-03-31 14:32:20,58.3814,97.4531,35.46,97,100,14.41
265,Chitral,PK,2022-03-31 14:34:53,35.8462,71.7858,57.34,47,0,4.38
266,Yazykovo,RU,2022-03-31 14:34:53,55.2199,56.1353,23.45,93,98,4.41
267,Melilla,ES,2022-03-31 14:34:54,35.2937,-2.9383,71.8,63,0,12.66
268,Guangshui,CN,2022-03-31 14:34:54,31.6199,113.9978,49.6,84,100,5.75
269,Srivaikuntam,IN,2022-03-31 14:35:04,8.6167,77.9333,82.69,74,0,12.57
270,Lasa,IT,2022-03-31 14:35:04,46.6166,10.7002,51.69,95,100,3.04
271,Conceicao Do Araguaia,BR,2022-03-31 14:35:04,-8.2578,-49.2647,82.74,72,100,4.54
272,Dinghai,CN,2022-03-31 14:35:05,26.2847,119.7936,54.52,70,100,29.86
273,Comarapa,BO,2022-03-31 14:36:05,-17.9,-64.4833,47.39,94,100,2.53
274,Saint-Philippe,RE,2022-03-31 14:36:06,-21.3585,55.7679,78.39,72,49,14.43
275,Xuchang,CN,2022-03-31 14:36:06,34.0167,113.8167,51.15,45,100,6.02
276,Fallon,US,2022-03-31 14:36:06,39.4735,-118.7774,40.91,69,75,0.0
277,Porbandar,IN,2022-03-31 14:35:31,21.6422,69.6093,82.38,69,0,12.66
278,Aguilas,ES,2022-03-31 14:36:07,37.4063,-1.5829,63.97,50,91,13.27
279,Vanavara,RU,2022-03-31 14:36:07,60.34,102.2797,29.68,91,100,12.91
280,Kemin,KG,2022-03-31 14:36:08,42.7846,75.6892,48.34,46,0,8.77
281,Bengkulu,ID,2022-03-31 14:36:08,-3.8004,102.2655,78.33,77,69,4.25
282,Hualmay,PE,2022-03-31 14:36:09,-11.0964,-77.6139,73.27,76,61,7.83
283,Pitimbu,BR,2022-03-31 14:36:09,-7.4706,-34.8086,88.39,61,84,10.02
284,Novyy Urengoy,RU,2022-03-31 14:36:11,66.0833,76.6333,14.88,89,100,18.88
285,Zhenjiang,CN,2022-03-31 14:36:11,32.2092,119.4342,48.79,69,100,4.5
286,Krivosheino,RU,2022-03-31 14:36:11,57.3431,83.9261,34.27,92,100,11.45
287,Islamkot,PK,2022-03-31 14:36:12,24.6997,70.177,86.85,18,0,10.38
288,Macamic,CA,2022-03-31 14:36:13,48.7502,-78.9996,33.06,98,100,10.04
289,Cleveland,US,2022-03-31 14:35:49,41.4995,-81.6954,65.95,69,40,27.63
290,Fuling,CN,2022-03-31 14:36:13,29.7022,107.3919,54.68,95,100,1.72
291,Huangnihe,CN,2022-03-31 14:36:14,43.5583,128.0239,27.79,46,4,5.91
292,Shu,KZ,2022-03-31 14:36:14,43.5983,73.7614,51.1,48,0,1.97
293,Karratha,AU,2022-03-31 14:36:14,-20.7377,116.8463,85.68,67,100,6.31
294,Kailua,US,2022-03-31 14:36:15,21.4022,-157.7394,74.14,86,45,1.01
295,Komatipoort,ZA,2022-03-31 14:36:15,-25.4332,31.9548,91.06,30,0,7.02
296,Coquimbo,CL,2022-03-31 14:36:15,-29.9533,-71.3436,56.93,88,75,8.05
297,Tomatlan,MX,2022-03-31 14:36:15,19.9333,-105.25,74.32,37,48,1.45
298,Vao,NC,2022-03-31 14:36:16,-22.6667,167.4833,78.8,85,1,11.1
299,Narsaq,GL,2022-03-31 14:36:16,60.9167,-46.05,50.22,67,95,2.39
300,Dukat,RU,2022-03-31 14:32:14,62.55,155.55,-6.7,99,100,5.08
301,Sibolga,ID,2022-03-31 14:36:17,1.7427,98.7792,77.18,79,100,3.15
302,Portland,US,2022-03-31 14:32:33,45.5234,-122.6762,44.58,90,100,1.99
303,Hamilton,US,2022-03-31 14:35:16,39.1834,-84.5333,51.89,80,100,24.16
304,Saint Anthony,US,2022-03-31 14:36:17,45.0205,-93.218,31.93,74,100,19.57
305,Kaitangata,NZ,2022-03-31 14:36:19,-46.2817,169.8464,48.36,78,100,7.18
306,Manoharpur,IN,2022-03-31 14:36:20,27.3,75.95,84.09,8,0,8.99
307,Axim,GH,2022-03-31 14:36:20,4.8699,-2.2405,86.23,68,53,11.77
308,Qui Nhon,VN,2022-03-31 14:36:20,13.7667,109.2333,75.97,90,95,1.32
309,Paamiut,GL,2022-03-31 14:36:22,61.994,-49.6678,32.9,89,100,6.22
310,Jiaohe,CN,2022-03-31 14:36:22,43.7286,127.3447,30.4,47,1,4.21
311,Agua Dulce,MX,2022-03-31 14:36:22,18.1333,-94.1333,74.98,63,5,1.05
312,Tahe,CN,2022-03-31 14:36:22,52.3333,124.7333,16.81,88,26,4.03
313,Tamluk,IN,2022-03-31 14:36:23,22.3,87.9167,80.13,83,6,16.33
314,Harper,LR,2022-03-31 14:35:03,4.375,-7.7169,84.31,74,89,7.99
315,Plettenberg Bay,ZA,2022-03-31 14:36:23,-34.0527,23.3716,64.63,79,96,5.03
316,Salaspils,LV,2022-03-31 14:36:24,56.8601,24.3654,35.47,35,54,6.58
317,Suntar,RU,2022-03-31 14:36:26,62.1444,117.6319,28.78,97,100,7.14
318,Gat,IL,2022-03-31 14:36:26,31.61,34.7642,74.08,25,99,9.69
319,Geraldton,AU,2022-03-31 14:36:27,-28.7667,114.6,72.01,83,100,10.36
320,Morshansk,RU,2022-03-31 14:33:14,53.4435,41.8107,33.24,100,100,6.15
321,Nurobod,UZ,2022-03-31 14:37:33,40.9056,69.8023,56.79,43,0,5.99
322,Ayr,GB,2022-03-31 14:32:56,55.4627,-4.6339,48.51,42,40,12.66
323,Saldanha,ZA,2022-03-31 14:37:35,-33.0117,17.9442,71.65,71,74,23.6
324,Mayo,US,2022-03-31 14:37:35,38.8876,-76.5119,69.13,86,100,18.41
325,Blacksburg,US,2022-03-31 14:35:10,37.2296,-80.4139,63.09,87,100,8.05
326,Paramonga,PE,2022-03-31 14:37:35,-10.6667,-77.8333,72.59,78,83,8.1
327,Kamenka,RU,2022-03-31 14:37:35,51.3223,42.7678,43.99,96,100,7.96
328,Abu Dhabi,AE,2022-03-31 14:36:31,24.4667,54.3667,80.71,56,0,8.05
329,Alyangula,AU,2022-03-31 14:37:36,-13.8483,136.4192,69.67,94,6,3.44
330,Anloga,GH,2022-03-31 14:37:36,5.7947,0.8973,85.68,72,94,15.7
331,Richards Bay,ZA,2022-03-31 14:37:37,-28.783,32.0377,79.39,70,9,8.3
332,Varhaug,NO,2022-03-31 14:37:37,58.6147,5.6457,42.85,44,3,10.2
333,Laguna,US,2022-03-31 14:37:37,38.421,-121.4238,54.18,95,100,4.61
334,Jasper,US,2022-03-31 14:33:29,37.2001,-94.3502,38.68,75,75,12.66
335,Hami,CN,2022-03-31 14:37:39,42.8,93.45,49.24,21,0,2.68
336,Darovskoy,RU,2022-03-31 14:37:39,58.77,47.9564,25.63,85,94,4.07
337,Freeport,US,2022-03-31 14:35:28,40.6576,-73.5832,59.0,86,0,23.0
338,Santa Maria,BR,2022-03-31 14:37:24,-29.6842,-53.8069,58.3,58,20,4.61
339,Sault Sainte Marie,CA,2022-03-31 14:32:55,46.5168,-84.3333,34.09,89,100,11.5
340,Canico,PT,2022-03-31 14:37:39,32.6333,-16.85,68.13,85,75,8.05
341,Santa Cruz Cabralia,BR,2022-03-31 14:37:39,-16.2781,-39.0247,86.23,66,40,9.22
342,Asfi,MA,2022-03-31 14:37:40,32.2994,-9.2372,61.72,70,2,9.86
343,Flinders,AU,2022-03-31 14:37:40,-34.5833,150.8552,60.19,82,100,8.99
344,Tabou,CI,2022-03-31 14:37:40,4.423,-7.3528,85.21,70,72,8.39
345,Marihatag,PH,2022-03-31 14:37:41,8.7936,126.2969,77.99,87,100,7.63
346,Bouna,CI,2022-03-31 14:37:41,9.2667,-3.0,98.8,28,79,5.73
347,Mehndawal,IN,2022-03-31 14:37:41,26.9753,83.1117,86.52,27,0,7.0
348,Halifax,CA,2022-03-31 14:37:11,44.6453,-63.5724,40.89,86,100,15.01
349,Isla Vista,US,2022-03-31 14:37:42,34.4133,-119.861,54.99,79,33,1.99
350,Nantucket,US,2022-03-31 14:34:04,41.2835,-70.0995,55.51,94,100,18.41
351,Daru,PG,2022-03-31 14:37:42,-9.0763,143.2092,77.79,87,97,7.07
352,Bouar,CF,2022-03-31 14:37:42,5.934,15.596,91.02,24,96,4.0
353,San Pedro,PH,2022-03-31 14:37:42,14.35,121.0167,84.34,74,20,6.91
354,Talas,TR,2022-03-31 14:37:43,38.6908,35.5538,61.47,27,75,2.3
355,Asau,RO,2022-03-31 14:37:43,46.4333,26.4,67.28,40,100,9.15
356,Vanimo,PG,2022-03-31 14:37:43,-2.6741,141.3028,78.6,87,100,10.45
357,Karachi,PK,2022-03-31 14:34:57,24.9056,67.0822,89.42,14,0,3.44
358,Krasnokamensk,RU,2022-03-31 14:37:44,50.0979,118.0369,26.8,36,46,3.04
359,Garden City,US,2022-03-31 14:33:39,42.3256,-83.331,53.82,76,100,32.21
360,Antalaha,MG,2022-03-31 14:37:44,-14.9003,50.2788,74.97,91,99,10.31
361,Kropotkin,RU,2022-03-31 14:37:44,45.4375,40.5756,62.53,49,100,3.69
362,Aden,YE,2022-03-31 14:35:51,12.7794,45.0367,80.76,65,0,9.44
363,Sitka,US,2022-03-31 14:37:45,57.0531,-135.33,39.09,81,100,6.91
364,Ndele,CF,2022-03-31 14:38:45,8.4109,20.6473,104.58,10,11,5.44
365,Vila Velha,BR,2022-03-31 14:38:45,-20.3297,-40.2925,91.35,61,0,10.36
366,Kandrian,PG,2022-03-31 14:38:45,-6.2167,149.55,77.97,89,100,7.05
367,Cockburn Town,TC,2022-03-31 14:38:46,21.4612,-71.1419,76.77,78,30,25.77
368,Lima,PE,2022-03-31 14:38:18,-12.0432,-77.0282,66.45,83,0,4.61
369,Ruteng,ID,2022-03-31 14:38:46,-8.6136,120.4721,62.87,94,74,0.96
370,Ribas Do Rio Pardo,BR,2022-03-31 14:37:36,-20.4431,-53.7592,71.58,90,100,8.55
371,Lazaro Cardenas,MX,2022-03-31 14:38:46,17.9583,-102.2,75.31,64,4,3.24
372,Barentu,ER,2022-03-31 14:38:47,15.1139,37.5928,93.99,10,4,13.6
373,Sumbe,AO,2022-03-31 14:38:47,-11.2061,13.8437,80.6,78,75,11.5
374,Tevaitoa,PF,2022-03-31 14:38:47,-16.7833,-151.5,81.82,69,24,16.98
375,Conceicao Das Alagoas,BR,2022-03-31 14:38:47,-19.9147,-48.3883,89.38,46,73,0.81
376,East Wenatchee Bench,US,2022-03-31 14:38:48,47.4257,-120.2812,43.97,58,0,4.61
377,Iquique,CL,2022-03-31 14:38:48,-20.2208,-70.1431,66.24,62,6,5.88
378,New Richmond,US,2022-03-31 14:35:33,45.123,-92.5366,32.09,69,100,17.27
379,Lavras,BR,2022-03-31 14:35:12,-21.2453,-44.9997,78.6,63,24,3.71
380,Stavern,NO,2022-03-31 14:38:49,59.0,10.0333,43.52,58,56,5.99
381,Garoua,CM,2022-03-31 14:38:49,9.3,13.4,108.0,4,0,4.61
382,Sayat,TM,2022-03-31 14:38:49,38.7839,63.8803,71.47,17,9,8.23
383,Hvolsvollur,IS,2022-03-31 14:38:49,63.7533,-20.2243,41.67,55,89,5.44
384,Stornoway,GB,2022-03-31 14:38:50,58.2093,-6.3865,37.92,87,75,14.97
385,Ibague,CO,2022-03-31 14:38:50,4.4389,-75.2322,67.91,94,75,3.44
386,Sharjah,AE,2022-03-31 14:38:53,25.3573,55.4033,82.38,57,0,12.66
387,Kungurtug,RU,2022-03-31 14:38:53,50.5994,97.5228,13.48,93,30,1.54
388,Saint-Pierre,RE,2022-03-31 14:38:54,-21.3393,55.4781,78.48,75,0,27.63
389,Sisimiut,GL,2022-03-31 14:38:54,66.9395,-53.6735,23.2,82,66,4.56
390,Gamba,GA,2022-03-31 14:38:54,-2.65,10.0,82.45,75,99,9.01
391,Santa Vitoria Do Palmar,BR,2022-03-31 14:38:54,-33.5189,-53.3681,64.54,41,29,8.79
392,Ambon,ID,2022-03-31 14:38:55,-3.6954,128.1814,80.74,83,20,6.91
393,Karasjok,NO,2022-03-31 14:38:56,69.4719,25.5112,20.97,86,99,9.57
394,Hervey Bay,AU,2022-03-31 14:38:56,-25.2986,152.8535,74.01,72,59,11.99
395,Wilmington,US,2022-03-31 14:38:56,34.2257,-77.9447,73.31,81,75,17.27
396,Kwekwe,ZW,2022-03-31 14:38:57,-18.9281,29.8149,82.13,34,20,1.59
397,Sturgeon Falls,CA,2022-03-31 14:38:57,46.3646,-79.9326,48.88,95,96,19.3
398,Mizdah,LY,2022-03-31 14:38:57,31.4451,12.9801,81.66,14,6,29.91
399,Hobyo,SO,2022-03-31 14:38:59,5.3505,48.5268,83.35,71,5,14.2
400,Sobolevo,RU,2022-03-31 14:38:59,54.4299,31.8996,33.12,97,100,7.74
401,San Cristobal,VE,2022-03-31 14:38:59,7.7669,-72.225,69.98,51,99,6.24
402,Kontagora,NG,2022-03-31 14:39:00,10.3999,5.4695,105.17,7,7,3.2
403,Lipari,IT,2022-03-31 14:39:01,38.4674,14.954,62.33,91,66,8.03
404,Piacabucu,BR,2022-03-31 14:39:01,-10.4056,-36.4344,84.45,65,86,9.13
405,Longjiang,CN,2022-03-31 14:39:01,47.3303,123.1836,30.07,46,0,7.45
406,Viet Tri,VN,2022-03-31 14:39:01,21.3019,105.4308,71.55,77,82,8.97
407,Hasaki,JP,2022-03-31 14:39:02,35.7333,140.8333,48.6,84,100,23.64
408,Hambantota,LK,2022-03-31 14:38:27,6.1241,81.1185,77.34,94,40,1.14
409,Bograd,RU,2022-03-31 14:39:03,54.2344,90.8328,36.36,73,100,6.85
410,Banjar,ID,2022-03-31 14:39:03,-8.19,114.9675,77.52,90,98,4.09
411,Gubkinskiy,RU,2022-03-31 14:40:04,64.434,76.5026,18.05,80,73,27.4
412,Eloy,US,2022-03-31 14:40:04,32.7559,-111.5548,62.85,41,11,6.17
413,Vancouver,CA,2022-03-31 14:36:28,49.2497,-123.1193,45.01,90,40,13.8
414,Nauta,PE,2022-03-31 14:40:05,-4.5061,-73.5757,86.07,64,92,2.62
415,Charters Towers,AU,2022-03-31 14:40:06,-20.1,146.2667,71.04,50,0,2.59
416,Honningsvag,NO,2022-03-31 14:40:06,70.9821,25.9704,28.15,69,40,13.8
417,Mozhga,RU,2022-03-31 14:40:07,56.4447,52.2276,24.01,94,100,3.51
418,Ayan,RU,2022-03-31 14:40:07,56.45,138.1667,11.5,78,23,9.75
419,Kalmunai,LK,2022-03-31 14:40:07,7.4167,81.8167,81.45,81,6,11.83
420,Sola,VU,2022-03-31 14:40:08,-13.8833,167.55,81.68,77,100,6.04
421,Lata,PT,2022-03-31 14:40:08,40.1629,-8.3327,57.81,59,79,14.54
422,Komsomolskiy,UZ,2022-03-31 14:40:08,40.4272,71.7189,65.12,32,0,2.3
423,Ushtobe,KZ,2022-03-31 14:40:09,45.2514,77.9838,50.18,44,0,8.95
424,Santiago Del Estero,AR,2022-03-31 14:40:09,-27.7951,-64.2615,64.92,26,1,6.8
425,Palmer,US,2022-03-31 14:40:09,42.1584,-72.3287,55.85,98,100,7.7
426,Launceston,AU,2022-03-31 14:40:10,-41.45,147.1667,49.64,72,100,10.36
427,Isabela,PH,2022-03-31 14:40:10,6.7085,121.9711,80.29,83,38,3.58
428,Cidreira,BR,2022-03-31 14:40:10,-30.1811,-50.2056,64.29,54,25,10.13
429,Tongren,CN,2022-03-31 14:40:10,27.7172,109.1853,53.06,88,100,8.03
430,Pochutla,MX,2022-03-31 14:40:11,15.7432,-96.4661,78.82,40,50,6.58
431,Bambous Virieux,MU,2022-03-31 14:40:11,-20.3428,57.7575,79.05,69,75,18.41
432,Urumqi,CN,2022-03-31 14:40:11,43.801,87.6005,43.75,46,0,2.24
433,Salalah,OM,2022-03-31 14:40:00,17.0151,54.0924,86.09,42,0,5.75
434,Meybod,IR,2022-03-31 14:40:12,32.2501,54.0166,80.62,8,0,7.38
435,Dongsheng,CN,2022-03-31 14:40:12,39.8161,109.9776,38.75,35,24,13.33
436,Mount Isa,AU,2022-03-31 14:40:12,-20.7333,139.5,78.57,27,0,17.27
437,Saint-Augustin,CA,2022-03-31 14:40:13,51.226,-58.6502,33.49,92,8,14.72
438,Naze,JP,2022-03-31 14:38:23,28.3667,129.4833,59.92,78,100,24.54
439,Namie,JP,2022-03-31 14:40:13,37.4833,141.0,46.71,76,100,9.42
440,Sinnamary,GF,2022-03-31 14:40:13,5.3833,-52.95,80.96,74,59,10.51
441,Chervona Sloboda,UA,2022-03-31 14:40:14,49.3789,32.1464,58.32,58,100,8.79
442,Abu Samrah,SY,2022-03-31 14:40:14,35.3029,37.1841,68.72,34,14,5.48
443,Constitucion,CL,2022-03-31 14:40:14,-35.3333,-72.4167,62.96,40,0,7.7
444,Artesianon,GR,2022-03-31 14:40:15,39.4028,21.8947,64.17,61,99,9.04
445,Sabratah,LY,2022-03-31 14:40:15,32.7933,12.4885,80.53,27,0,23.6
446,La Ronge,CA,2022-03-31 14:40:15,55.1001,-105.2842,30.45,69,100,4.61
447,Puerto Escondido,MX,2022-03-31 14:40:16,15.85,-97.0667,80.83,47,37,6.51
448,Te Anau,NZ,2022-03-31 14:40:16,-45.4167,167.7167,48.15,90,100,4.05
449,Bima,ID,2022-03-31 14:40:16,-8.4667,118.7167,75.78,93,24,2.75
450,Hilton Head Island,US,2022-03-31 14:37:22,32.2163,-80.7526,73.99,84,75,17.27
451,Denpasar,ID,2022-03-31 14:40:16,-8.65,115.2167,83.86,83,20,4.61
452,Dicabisagan,PH,2022-03-31 14:40:17,17.0818,122.4157,77.38,89,29,3.31
453,Kaeo,NZ,2022-03-31 14:40:17,-35.1,173.7833,60.33,94,32,2.17
454,Avera,US,2022-03-31 14:40:17,33.194,-82.5271,65.71,87,92,18.03
455,San Rafael Del Sur,NI,2022-03-31 14:40:18,11.8485,-86.4384,81.57,53,97,11.1
456,Blagoyevo,RU,2022-03-31 14:40:18,63.3667,47.9167,22.44,90,100,4.05
457,Zambezi,ZM,2022-03-31 14:41:19,-13.5432,23.1047,75.52,79,58,6.13
458,Khash,IR,2022-03-31 14:41:19,28.2211,61.2158,69.89,6,0,10.09
459,Mandera,KE,2022-03-31 14:41:20,3.9366,41.867,99.16,20,12,13.06
460,Upington,ZA,2022-03-31 14:41:20,-28.4478,21.2561,88.18,37,40,9.22
461,Rawson,AR,2022-03-31 14:41:21,-43.3002,-65.1023,64.71,26,68,9.28
462,Bikapur,IN,2022-03-31 14:41:21,26.6,82.1333,87.44,16,0,6.02
463,Oktyabrskoye,RU,2022-03-31 14:41:21,43.0645,44.7417,60.94,27,75,17.9
464,Kabare,CD,2022-03-31 14:41:22,-2.4683,28.8242,66.09,93,90,2.59
465,Altay,CN,2022-03-31 14:41:22,47.8667,88.1167,27.19,56,1,8.72
466,Metro,ID,2022-03-31 14:41:22,-5.1131,105.3067,76.95,89,61,3.09
467,Mbekenyera,TZ,2022-03-31 14:41:23,-10.0,38.9833,72.9,96,100,2.33
468,Kieta,PG,2022-03-31 14:41:23,-6.2167,155.6333,79.21,84,75,3.22
469,Merauke,ID,2022-03-31 14:41:24,-8.4667,140.3333,79.93,76,100,6.98
470,Dubbo,AU,2022-03-31 14:41:24,-32.25,148.6167,59.13,63,24,13.8
471,Mareeba,AU,2022-03-31 14:41:24,-17.0,145.4333,67.44,88,5,1.39
472,Coihaique,CL,2022-03-31 14:41:24,-45.5752,-72.0662,50.61,72,100,8.75
473,Leningradskiy,RU,2022-03-31 14:41:25,69.3833,178.4167,-10.19,92,94,2.64
474,Riyadh,SA,2022-03-31 14:41:25,24.6877,46.7219,95.14,9,0,3.74
475,Pantai Remis,MY,2022-03-31 14:41:25,4.4557,100.6288,78.82,81,90,7.2
476,Valenca,BR,2022-03-31 14:41:25,-13.3703,-39.0731,87.73,51,7,7.63
477,Ouallam,NE,2022-03-31 14:41:26,14.3188,2.0866,103.66,3,8,4.52
478,Yamada,JP,2022-03-31 14:41:26,39.4667,141.95,38.59,80,100,6.33
479,Siverek,TR,2022-03-31 14:41:27,37.755,39.3167,60.37,58,4,3.71
480,Preobrazheniye,RU,2022-03-31 14:41:27,42.9019,133.9064,32.63,59,22,6.64
481,Bria,CF,2022-03-31 14:41:28,6.5423,21.9863,102.83,12,11,6.6
482,Sangar,RU,2022-03-31 14:41:28,63.9242,127.4739,1.33,97,100,0.81
483,Valparaiso,CL,2022-03-31 14:36:41,-33.0393,-71.6273,75.43,40,0,4.61
484,Pashiya,RU,2022-03-31 14:41:29,58.4324,58.2562,14.88,93,100,2.66
485,Ingham,US,2022-03-31 14:41:30,42.6,-84.3833,44.91,82,100,13.8
486,Fushe-Arrez,AL,2022-03-31 14:41:30,42.0622,20.0167,52.54,93,100,3.02
487,Sistranda,NO,2022-03-31 14:38:57,63.7256,8.834,33.76,63,100,12.57
488,Manbij,SY,2022-03-31 14:41:31,36.5281,37.9549,67.24,40,26,3.94
489,Alice Springs,AU,2022-03-31 14:41:31,-23.7,133.8833,60.35,48,58,4.61
490,Sarh,TD,2022-03-31 14:41:31,9.1429,18.3923,105.71,21,20,6.91
491,Hirara,JP,2022-03-31 14:39:16,24.8,125.2833,72.27,90,6,23.82
492,Zaysan,KZ,2022-03-31 14:41:32,47.4667,84.8667,33.67,71,26,5.19
493,Kununurra,AU,2022-03-31 14:41:32,-15.7667,128.7333,73.38,78,63,0.0
494,Bayeux,BR,2022-03-31 14:41:35,-7.125,-34.9322,88.43,58,75,9.22
495,Nouadhibou,MR,2022-03-31 14:41:35,20.931,-17.0347,84.18,24,0,18.41
496,Barcelos,PT,2022-03-31 14:40:33,41.5388,-8.6151,57.92,63,74,14.56
497,Pringsewu,ID,2022-03-31 14:41:35,-5.3582,104.9744,74.97,96,90,1.9
498,Mutoko,ZW,2022-03-31 14:41:36,-17.397,32.2268,73.18,54,52,6.24
499,Sarankhola,BD,2022-03-31 14:41:36,22.3082,89.7897,79.93,76,5,11.16
500,Minab,IR,2022-03-31 14:41:37,27.1467,57.0801,91.72,25,0,4.61
501,Porto Torres,IT,2022-03-31 14:41:37,40.835,8.3972,59.18,70,73,14.85
502,Victor Harbor,AU,2022-03-31 14:41:42,-35.5667,138.6167,58.6,70,5,19.73
503,Karagay,RU,2022-03-31 14:41:42,58.2667,54.9368,16.09,88,24,3.62
504,Chicama,PE,2022-03-31 14:42:43,-7.8447,-79.1469,68.54,69,93,7.4
505,Roald,NO,2022-03-31 14:42:43,62.5833,6.1333,42.1,70,0,5.75
506,Gimli,CA,2022-03-31 14:41:04,50.6336,-96.9907,15.82,86,46,6.91
507,Alamosa,US,2022-03-31 14:42:43,37.4695,-105.87,19.38,73,0,3.44
508,Uhlove,UA,2022-03-31 14:42:44,44.8215,33.6045,59.02,48,91,16.75
509,Pereslavl-Zalesskiy,RU,2022-03-31 14:42:44,56.7393,38.8563,31.12,98,100,7.27
510,Sabana De Torres,CO,2022-03-31 14:42:44,7.3915,-73.4957,83.01,73,92,1.7
511,Zeya,RU,2022-03-31 14:42:44,53.75,127.2667,14.32,95,18,4.34
512,Taoudenni,ML,2022-03-31 14:42:45,22.6783,-3.9836,90.95,8,100,7.29
513,Andenes,NO,2022-03-31 14:42:45,69.3143,16.1194,29.93,86,75,3.44
514,Buala,SB,2022-03-31 14:42:45,-8.145,159.5921,79.72,83,100,3.29
515,Taltal,CL,2022-03-31 14:42:46,-25.4,-70.4833,66.18,67,4,4.16
516,Noumea,NC,2022-03-31 14:42:46,-22.2763,166.4572,82.99,99,6,3.13
517,Port Lincoln,AU,2022-03-31 14:42:46,-34.7333,135.8667,60.33,71,22,22.48
518,Vigrestad,NO,2022-03-31 14:42:46,58.5667,5.7,42.96,44,3,11.32
519,Fare,PF,2022-03-31 14:42:47,-16.7,-151.0167,81.5,67,24,15.3
520,Biak,ID,2022-03-31 14:42:47,-0.9131,122.8766,76.95,80,75,4.09
521,Ust-Tsilma,RU,2022-03-31 14:42:47,65.441,52.1498,17.29,93,97,2.77
522,Devarkonda,IN,2022-03-31 14:42:47,16.7,78.9333,91.67,28,1,9.46
523,Salinopolis,BR,2022-03-31 14:42:48,-0.6136,-47.3561,75.42,93,100,4.09
524,Henties Bay,NA,2022-03-31 14:42:48,-22.116,14.2845,65.25,77,1,13.73
525,Nova Olinda Do Norte,BR,2022-03-31 14:42:48,-3.8881,-59.0942,77.94,86,100,3.83
526,Xianshuigu,CN,2022-03-31 14:42:49,38.985,117.3828,46.4,27,0,6.71
527,Gornyye Klyuchi,RU,2022-03-31 14:42:49,45.25,133.5,28.22,71,90,7.9
528,Spearfish,US,2022-03-31 14:40:51,44.4908,-103.8594,44.28,36,0,8.05
529,Singaraja,ID,2022-03-31 14:42:52,-8.112,115.0882,79.65,84,97,3.85
530,Bandar-E Anzali,IR,2022-03-31 14:42:52,37.4727,49.4622,66.31,66,24,4.59
531,Wainwright,CA,2022-03-31 14:42:53,52.839,-110.8572,32.23,94,100,21.63
532,Raudeberg,NO,2022-03-31 14:42:53,61.9875,5.1352,40.96,79,45,15.17
533,Mildura,AU,2022-03-31 14:42:53,-34.2,142.15,60.76,59,0,12.66
534,Asyut,EG,2022-03-31 14:42:54,27.181,31.1837,91.58,4,100,6.64
535,Umea,SE,2022-03-31 14:42:54,63.8284,20.2597,31.93,55,75,5.75
536,Lhokseumawe,ID,2022-03-31 14:42:54,5.1801,97.1507,80.35,81,100,7.56
537,Walvis Bay,NA,2022-03-31 14:42:55,-22.9575,14.5053,81.55,41,0,13.8
538,Poltava,UA,2022-03-31 14:42:55,49.5937,34.5407,61.56,49,94,12.57
539,Los Llanos De Aridane,ES,2022-03-31 14:42:56,28.6585,-17.9182,64.15,83,75,10.36
540,Greensburg,US,2022-03-31 14:42:56,40.3015,-79.5389,69.89,66,75,16.11
541,Faya,SA,2022-03-31 14:42:56,18.3851,42.4509,77.52,36,0,3.71
542,Wakkanai,JP,2022-03-31 14:42:57,45.4094,141.6739,32.09,65,56,2.26
543,Ngaoundere,CM,2022-03-31 14:42:57,7.3167,13.5833,97.34,8,8,4.18
544,Ambovombe,MG,2022-03-31 14:42:57,-25.1667,46.0833,75.92,73,0,18.68
545,Nemuro,JP,2022-03-31 14:42:57,43.3236,145.575,30.25,86,100,11.01
546,El Cobre,CU,2022-03-31 14:42:58,20.0489,-75.9469,81.84,61,40,5.75
547,Lorengau,PG,2022-03-31 14:42:58,-2.0226,147.2712,80.26,83,100,12.44
548,Kapoeta,SS,2022-03-31 14:42:58,4.7717,33.5903,94.42,25,54,15.26
549,Kalabo,ZM,2022-03-31 14:42:59,-14.97,22.6814,77.61,68,99,5.17
550,Tautira,PF,2022-03-31 14:43:59,-17.7333,-149.15,80.6,73,37,11.95
551,Snejbjerg,DK,2022-03-31 14:43:59,56.1387,8.899,43.95,35,99,10.96
552,Jackson,US,2022-03-31 14:44:00,42.4165,-122.8345,39.99,82,20,0.0
553,Kupang,ID,2022-03-31 14:44:00,-10.1667,123.5833,76.86,83,4,4.85
554,Jind,IN,2022-03-31 14:44:00,29.3167,76.3167,84.81,9,0,6.55
555,Tura,IN,2022-03-31 14:44:01,25.5198,90.2201,72.21,84,56,3.65
556,Virginia Beach,US,2022-03-31 14:40:07,36.8529,-75.978,71.06,73,100,7.0
557,Balaipungut,ID,2022-03-31 14:44:01,1.05,101.2833,77.16,91,45,3.27
558,Kidal,ML,2022-03-31 14:44:01,18.4411,1.4078,100.13,2,26,4.97
559,Lagoa,PT,2022-03-31 14:44:02,39.05,-27.9833,61.36,87,100,6.38
560,Opuwo,NA,2022-03-31 14:44:02,-18.0607,13.84,83.23,45,98,5.66
561,Sao Joao Da Barra,BR,2022-03-31 14:44:02,-21.6403,-41.0511,87.89,69,19,6.6
